CREATE DATABASE IF NOT EXISTS gestion_listes_attente
    DEFAULT CHARACTER SET utf8mb4
    COLLATE utf8mb4_general_ci;

USE gestion_listes_attente;

CREATE TABLE utilisateurs (
    id INT AUTO_INCREMENT PRIMARY KEY,
    nom VARCHAR(100) NOT NULL,
    prenom VARCHAR(100) NOT NULL,
    email VARCHAR(150) NOT NULL UNIQUE,
    telephone VARCHAR(20),
    mot_de_passe VARCHAR(255) NOT NULL,
    role ENUM('administrateur', 'agent', 'candidat') NOT NULL,
    service VARCHAR(100),
    departement VARCHAR(100),
    numero_candidat VARCHAR(50),
    date_naissance DATE,
    date_creation TIMESTAMP DEFAULT CURRENT_TIMESTAMP
);

CREATE TABLE concours (
    id INT AUTO_INCREMENT PRIMARY KEY,
    type ENUM('DUT', 'DIC', 'LICENCE') NOT NULL,
    annee INT NOT NULL,
    departement VARCHAR(100) NOT NULL
);

CREATE TABLE filieres (
    id INT AUTO_INCREMENT PRIMARY KEY,
    nom VARCHAR(150) NOT NULL,
    departement VARCHAR(100) NOT NULL,
    capacite_accueil INT NOT NULL,
    concours_id INT,
    FOREIGN KEY (concours_id) REFERENCES concours(id)
);

CREATE TABLE listes (
    id INT AUTO_INCREMENT PRIMARY KEY,
    type ENUM('principale', 'attente') NOT NULL,
    nombre_etudiants INT DEFAULT 0,
    filiere_id INT,
    FOREIGN KEY (filiere_id) REFERENCES filieres(id)
);

CREATE TABLE inscriptions (
    id INT AUTO_INCREMENT PRIMARY KEY,
    rang INT NOT NULL,
    date_inscription DATE NOT NULL,
    candidat_id INT,
    liste_id INT,
    FOREIGN KEY (candidat_id) REFERENCES utilisateurs(id),
    FOREIGN KEY (liste_id) REFERENCES listes(id)
);

CREATE TABLE desistements (
    id INT AUTO_INCREMENT PRIMARY KEY,
    date_heure DATETIME DEFAULT CURRENT_TIMESTAMP,
    motif VARCHAR(255),
    inscription_id INT,
    filiere_id INT,
    agent_id INT,
    FOREIGN KEY (inscription_id) REFERENCES inscriptions(id),
    FOREIGN KEY (filiere_id) REFERENCES filieres(id),
    FOREIGN KEY (agent_id) REFERENCES utilisateurs(id)
);

CREATE TABLE notifications (
    id INT AUTO_INCREMENT PRIMARY KEY,
    type VARCHAR(50),
    date_envoi DATETIME DEFAULT CURRENT_TIMESTAMP,
    statut ENUM('envoyee', 'confirmee', 'echouee') DEFAULT 'envoyee',
    nb_relances INT NOT NULL DEFAULT 0,
    date_relance DATETIME,
    date_confirmation DATETIME,
    inscription_id INT,
    token VARCHAR(64),
    FOREIGN KEY (inscription_id) REFERENCES inscriptions(id)
);

CREATE TABLE codes_verification (
    id INT AUTO_INCREMENT PRIMARY KEY,
    utilisateur_id INT NOT NULL,
    code VARCHAR(6) NOT NULL,
    type ENUM('changement', 'reinitialisation') NOT NULL,
    nouveau_hash VARCHAR(255),
    expire_le DATETIME NOT NULL,
    utilise TINYINT(1) NOT NULL DEFAULT 0,
    date_creation TIMESTAMP DEFAULT CURRENT_TIMESTAMP,
    FOREIGN KEY (utilisateur_id) REFERENCES utilisateurs(id)
);

CREATE TABLE historiques (
    id INT AUTO_INCREMENT PRIMARY KEY,
    operation VARCHAR(255) NOT NULL,
    cible VARCHAR(255),
    date_heure DATETIME DEFAULT CURRENT_TIMESTAMP,
    acteur_id INT,
    FOREIGN KEY (acteur_id) REFERENCES utilisateurs(id)
);

CREATE TABLE demandes_desistement (
    id INT AUTO_INCREMENT PRIMARY KEY,
    inscription_id INT,
    candidat_id INT NOT NULL,
    filiere_id INT NOT NULL,
    motif VARCHAR(255),
    statut ENUM('en_attente', 'traitee', 'rejetee') NOT NULL DEFAULT 'en_attente',
    date_demande DATETIME DEFAULT CURRENT_TIMESTAMP,
    date_traitement DATETIME NULL,
    agent_id INT NULL,
    FOREIGN KEY (inscription_id) REFERENCES inscriptions(id),
    FOREIGN KEY (candidat_id) REFERENCES utilisateurs(id),
    FOREIGN KEY (filiere_id) REFERENCES filieres(id),
    FOREIGN KEY (agent_id) REFERENCES utilisateurs(id)
);

-- =====================================================================
--  Données de test partagées (longues listes).
--  Connexion : admin@esp.sn / admin123   |   agents / agent123
-- =====================================================================

INSERT INTO utilisateurs (id, nom, prenom, email, telephone, mot_de_passe, role, service, departement, numero_candidat, date_naissance) VALUES
(1, 'Gueye', 'Aminata', 'admin@esp.sn', '770926393', '$2y$10$V83fEJocG0LkM.vjYkjgG.h6nvrVypgXO35Hq2jE3oYmuYMkMKthq', 'administrateur', 'Direction', NULL, NULL, NULL),
(8, 'Diallo', 'Ousmane', 'agent@esp.sn', '770000000', '$2y$10$ZL0TECBhY.K0AvDEHJ5pYumpkbbbE9TzeZBpsJH39cwtJQe6hrk7S', 'agent', NULL, 'Génie Informatique', NULL, NULL),
(11, 'Diallo', 'Ousmane', 'ousmane@esp.sn', '771111111', '$2y$10$ZL0TECBhY.K0AvDEHJ5pYumpkbbbE9TzeZBpsJH39cwtJQe6hrk7S', 'agent', NULL, 'Génie Informatique', NULL, NULL),
(12, 'Ndour', 'Aïssatou', 'aissatou@esp.sn', '772222222', '$2y$10$ZL0TECBhY.K0AvDEHJ5pYumpkbbbE9TzeZBpsJH39cwtJQe6hrk7S', 'agent', NULL, 'Génie Civil', NULL, NULL),
(13, 'Sy', 'Babacar', 'babacar@esp.sn', '773333333', '$2y$10$ZL0TECBhY.K0AvDEHJ5pYumpkbbbE9TzeZBpsJH39cwtJQe6hrk7S', 'agent', NULL, 'Génie Électrique', NULL, NULL),
(50, 'Diouf', 'Cheikh', 'c001@esp.sn', '764129035', '-', 'candidat', NULL, NULL, 'C001', '2005-02-19'),
(51, 'Sow', 'Rokhaya', 'c002@esp.sn', '708011197', '-', 'candidat', NULL, NULL, 'C002', '2006-08-16'),
(52, 'Mendy', 'Penda', 'c003@esp.sn', '734503912', '-', 'candidat', NULL, NULL, 'C003', '2003-12-23'),
(53, 'Badji', 'Fatou', 'c004@esp.sn', '703285846', '-', 'candidat', NULL, NULL, 'C004', '2005-12-05'),
(54, 'Goudiaby', 'Awa', 'c005@esp.sn', '703396116', '-', 'candidat', NULL, NULL, 'C005', '2004-04-15'),
(55, 'Thiam', 'Nogaye', 'c006@esp.sn', '731484571', '-', 'candidat', NULL, NULL, 'C006', '2003-08-08'),
(56, 'Ndoye', 'Aminata', 'c007@esp.sn', '748167926', '-', 'candidat', NULL, NULL, 'C007', '2006-12-09'),
(57, 'Fall', 'Adama', 'c008@esp.sn', '723880078', '-', 'candidat', NULL, NULL, 'C008', '2006-11-08'),
(58, 'Gueye', 'Nogaye', 'c009@esp.sn', '752570480', '-', 'candidat', NULL, NULL, 'C009', '2006-11-27'),
(59, 'Gueye', 'Moussa', 'c010@esp.sn', '772047061', '-', 'candidat', NULL, NULL, 'C010', '2005-08-20'),
(60, 'Goudiaby', 'Assane', 'c011@esp.sn', '705176916', '-', 'candidat', NULL, NULL, 'C011', '2003-04-14'),
(61, 'Thiam', 'Adama', 'c012@esp.sn', '775926828', '-', 'candidat', NULL, NULL, 'C012', '2006-05-04'),
(62, 'Sagna', 'Mariama', 'c013@esp.sn', '761329707', '-', 'candidat', NULL, NULL, 'C013', '2005-12-21'),
(63, 'Sagna', 'Sophie', 'c014@esp.sn', '759435520', '-', 'candidat', NULL, NULL, 'C014', '2005-05-10'),
(64, 'Diatta', 'Maimouna', 'c015@esp.sn', '776358034', '-', 'candidat', NULL, NULL, 'C015', '2005-06-23'),
(65, 'Bodian', 'Ousmane', 'c016@esp.sn', '787917258', '-', 'candidat', NULL, NULL, 'C016', '2006-10-10'),
(66, 'Diouf', 'Idrissa', 'c017@esp.sn', '711809039', '-', 'candidat', NULL, NULL, 'C017', '2005-06-01'),
(67, 'Badji', 'Rama', 'c018@esp.sn', '759391194', '-', 'candidat', NULL, NULL, 'C018', '2003-08-08'),
(68, 'Ba', 'Ibrahima', 'c019@esp.sn', '737094492', '-', 'candidat', NULL, NULL, 'C019', '2003-01-22'),
(69, 'Faye', 'Ousmane', 'c020@esp.sn', '746280344', '-', 'candidat', NULL, NULL, 'C020', '2006-06-21'),
(70, 'Diallo', 'Sophie', 'c021@esp.sn', '705168586', '-', 'candidat', NULL, NULL, 'C021', '2005-02-15'),
(71, 'Camara', 'Malick', 'c022@esp.sn', '747704256', '-', 'candidat', NULL, NULL, 'C022', '2003-03-06'),
(72, 'Camara', 'Fatou', 'c023@esp.sn', '752288217', '-', 'candidat', NULL, NULL, 'C023', '2006-12-10'),
(73, 'Mbaye', 'Aissatou', 'c024@esp.sn', '707127831', '-', 'candidat', NULL, NULL, 'C024', '2005-01-12'),
(74, 'Fall', 'Cheikh', 'c025@esp.sn', '716742559', '-', 'candidat', NULL, NULL, 'C025', '2005-08-28'),
(75, 'Ndoye', 'Babacar', 'c026@esp.sn', '759704354', '-', 'candidat', NULL, NULL, 'C026', '2003-05-14'),
(76, 'Kane', 'Sokhna', 'c027@esp.sn', '718328950', '-', 'candidat', NULL, NULL, 'C027', '2005-02-16'),
(77, 'Sy', 'Oumar', 'c028@esp.sn', '702446907', '-', 'candidat', NULL, NULL, 'C028', '2004-12-04'),
(78, 'Sagna', 'Ibrahima', 'c029@esp.sn', '704181067', '-', 'candidat', NULL, NULL, 'C029', '2005-12-05'),
(79, 'Mbaye', 'Penda', 'c030@esp.sn', '741735219', '-', 'candidat', NULL, NULL, 'C030', '2006-04-25'),
(80, 'Camara', 'Pape', 'c031@esp.sn', '712866517', '-', 'candidat', NULL, NULL, 'C031', '2003-03-05'),
(81, 'Tine', 'Babacar', 'c032@esp.sn', '765680925', '-', 'candidat', NULL, NULL, 'C032', '2005-05-09'),
(82, 'Dieng', 'Penda', 'c033@esp.sn', '747614541', '-', 'candidat', NULL, NULL, 'C033', '2004-02-22'),
(83, 'Dieng', 'Yacine', 'c034@esp.sn', '729895898', '-', 'candidat', NULL, NULL, 'C034', '2003-08-22'),
(84, 'Diop', 'Ibrahima', 'c035@esp.sn', '734894717', '-', 'candidat', NULL, NULL, 'C035', '2005-08-07'),
(85, 'Sarr', 'Sokhna', 'c036@esp.sn', '753966106', '-', 'candidat', NULL, NULL, 'C036', '2003-06-02'),
(86, 'Diallo', 'Coumba', 'c037@esp.sn', '721767467', '-', 'candidat', NULL, NULL, 'C037', '2006-09-04'),
(87, 'Sow', 'Abdou', 'c038@esp.sn', '711306298', '-', 'candidat', NULL, NULL, 'C038', '2006-06-03'),
(88, 'Ndoye', 'Abdou', 'c039@esp.sn', '779084806', '-', 'candidat', NULL, NULL, 'C039', '2005-06-13'),
(89, 'Mbaye', 'Maimouna', 'c040@esp.sn', '781985895', '-', 'candidat', NULL, NULL, 'C040', '2006-12-25'),
(90, 'Sy', 'Sokhna', 'c041@esp.sn', '732560772', '-', 'candidat', NULL, NULL, 'C041', '2003-12-11'),
(91, 'Sagna', 'Babacar', 'c042@esp.sn', '737930334', '-', 'candidat', NULL, NULL, 'C042', '2006-07-10'),
(92, 'Sy', 'Moussa', 'c043@esp.sn', '771077608', '-', 'candidat', NULL, NULL, 'C043', '2005-07-25'),
(93, 'Kane', 'Yacine', 'c044@esp.sn', '728654750', '-', 'candidat', NULL, NULL, 'C044', '2005-07-21'),
(94, 'Kane', 'Daouda', 'c045@esp.sn', '733363743', '-', 'candidat', NULL, NULL, 'C045', '2004-11-22'),
(95, 'Niang', 'Ousmane', 'c046@esp.sn', '749667898', '-', 'candidat', NULL, NULL, 'C046', '2004-08-20'),
(96, 'Cisse', 'Lamine', 'c047@esp.sn', '788870274', '-', 'candidat', NULL, NULL, 'C047', '2004-07-17'),
(97, 'Toure', 'Modou', 'c048@esp.sn', '732217958', '-', 'candidat', NULL, NULL, 'C048', '2005-11-18'),
(98, 'Tine', 'Babacar', 'c049@esp.sn', '762842366', '-', 'candidat', NULL, NULL, 'C049', '2004-05-14'),
(99, 'Cisse', 'Abdou', 'c050@esp.sn', '772714336', '-', 'candidat', NULL, NULL, 'C050', '2005-06-28'),
(100, 'Thiam', 'Sophie', 'c051@esp.sn', '760318121', '-', 'candidat', NULL, NULL, 'C051', '2004-11-17'),
(101, 'Niang', 'Awa', 'c052@esp.sn', '780016879', '-', 'candidat', NULL, NULL, 'C052', '2004-09-18'),
(102, 'Sow', 'Saliou', 'c053@esp.sn', '748853602', '-', 'candidat', NULL, NULL, 'C053', '2003-02-24'),
(103, 'Diatta', 'Moussa', 'c054@esp.sn', '709843264', '-', 'candidat', NULL, NULL, 'C054', '2005-05-22'),
(104, 'Ba', 'Modou', 'c055@esp.sn', '758729503', '-', 'candidat', NULL, NULL, 'C055', '2004-05-15'),
(105, 'Mbaye', 'Sophie', 'c056@esp.sn', '701849191', '-', 'candidat', NULL, NULL, 'C056', '2004-11-10'),
(106, 'Ndiaye', 'Dieynaba', 'c057@esp.sn', '747482973', '-', 'candidat', NULL, NULL, 'C057', '2006-06-25'),
(107, 'Ba', 'Seydou', 'c058@esp.sn', '742750587', '-', 'candidat', NULL, NULL, 'C058', '2005-09-18'),
(108, 'Tine', 'Rama', 'c059@esp.sn', '726357615', '-', 'candidat', NULL, NULL, 'C059', '2004-03-19'),
(109, 'Dieng', 'Babacar', 'c060@esp.sn', '729263091', '-', 'candidat', NULL, NULL, 'C060', '2003-12-07'),
(110, 'Mbaye', 'Fallou', 'c061@esp.sn', '757751441', '-', 'candidat', NULL, NULL, 'C061', '2004-07-05'),
(111, 'Thiam', 'Oumar', 'c062@esp.sn', '776298882', '-', 'candidat', NULL, NULL, 'C062', '2004-02-08'),
(112, 'Fall', 'Adama', 'c063@esp.sn', '737271955', '-', 'candidat', NULL, NULL, 'C063', '2004-03-05'),
(113, 'Dieng', 'Cheikh', 'c064@esp.sn', '752456670', '-', 'candidat', NULL, NULL, 'C064', '2006-04-15'),
(114, 'Cisse', 'Yacine', 'c065@esp.sn', '710873489', '-', 'candidat', NULL, NULL, 'C065', '2006-02-28'),
(115, 'Ba', 'Fatou', 'c066@esp.sn', '763695404', '-', 'candidat', NULL, NULL, 'C066', '2006-10-28'),
(116, 'Tine', 'Bineta', 'c067@esp.sn', '701040095', '-', 'candidat', NULL, NULL, 'C067', '2004-03-24'),
(117, 'Mendy', 'Ibrahima', 'c068@esp.sn', '782530552', '-', 'candidat', NULL, NULL, 'C068', '2005-05-15'),
(118, 'Mbaye', 'Sophie', 'c069@esp.sn', '720869653', '-', 'candidat', NULL, NULL, 'C069', '2003-12-22'),
(119, 'Sane', 'Nogaye', 'c070@esp.sn', '700582148', '-', 'candidat', NULL, NULL, 'C070', '2005-02-05'),
(120, 'Diatta', 'Cheikh', 'c071@esp.sn', '753850283', '-', 'candidat', NULL, NULL, 'C071', '2003-09-21'),
(121, 'Badji', 'Malick', 'c072@esp.sn', '787807059', '-', 'candidat', NULL, NULL, 'C072', '2003-09-27'),
(122, 'Ba', 'Khady', 'c073@esp.sn', '712636225', '-', 'candidat', NULL, NULL, 'C073', '2004-10-25'),
(123, 'Dieng', 'Alioune', 'c074@esp.sn', '700068739', '-', 'candidat', NULL, NULL, 'C074', '2006-09-28'),
(124, 'Ndiaye', 'Moussa', 'c075@esp.sn', '706952445', '-', 'candidat', NULL, NULL, 'C075', '2003-11-19'),
(125, 'Mbaye', 'Astou', 'c076@esp.sn', '726473293', '-', 'candidat', NULL, NULL, 'C076', '2005-02-14'),
(126, 'Mendy', 'Mamadou', 'c077@esp.sn', '716701608', '-', 'candidat', NULL, NULL, 'C077', '2003-08-08'),
(127, 'Ndoye', 'Rama', 'c078@esp.sn', '780958214', '-', 'candidat', NULL, NULL, 'C078', '2003-06-20'),
(128, 'Seck', 'Idrissa', 'c079@esp.sn', '747785041', '-', 'candidat', NULL, NULL, 'C079', '2006-07-16'),
(129, 'Toure', 'Lamine', 'c080@esp.sn', '710931310', '-', 'candidat', NULL, NULL, 'C080', '2004-03-28'),
(130, 'Bodian', 'Astou', 'c081@esp.sn', '745733982', '-', 'candidat', NULL, NULL, 'C081', '2005-06-21'),
(131, 'Sow', 'Assane', 'c082@esp.sn', '789593134', '-', 'candidat', NULL, NULL, 'C082', '2003-10-28'),
(132, 'Ndiaye', 'Saliou', 'c083@esp.sn', '743774443', '-', 'candidat', NULL, NULL, 'C083', '2003-08-16'),
(133, 'Diatta', 'Rokhaya', 'c084@esp.sn', '709477562', '-', 'candidat', NULL, NULL, 'C084', '2005-01-02'),
(134, 'Fall', 'Yacine', 'c085@esp.sn', '730456957', '-', 'candidat', NULL, NULL, 'C085', '2003-04-07'),
(135, 'Wade', 'Mamadou', 'c086@esp.sn', '732905202', '-', 'candidat', NULL, NULL, 'C086', '2005-06-09'),
(136, 'Diallo', 'Rokhaya', 'c087@esp.sn', '700927794', '-', 'candidat', NULL, NULL, 'C087', '2005-12-08'),
(137, 'Diatta', 'Sophie', 'c088@esp.sn', '754558209', '-', 'candidat', NULL, NULL, 'C088', '2003-01-16'),
(138, 'Mendy', 'Rokhaya', 'c089@esp.sn', '722377306', '-', 'candidat', NULL, NULL, 'C089', '2003-08-09'),
(139, 'Badji', 'Fallou', 'c090@esp.sn', '752413217', '-', 'candidat', NULL, NULL, 'C090', '2006-08-11'),
(140, 'Kane', 'Aissatou', 'c091@esp.sn', '732050120', '-', 'candidat', NULL, NULL, 'C091', '2004-09-23'),
(141, 'Diatta', 'Daouda', 'c092@esp.sn', '764897792', '-', 'candidat', NULL, NULL, 'C092', '2006-02-25'),
(142, 'Dieng', 'Fatou', 'c093@esp.sn', '760880458', '-', 'candidat', NULL, NULL, 'C093', '2005-06-25'),
(143, 'Diallo', 'Seydou', 'c094@esp.sn', '735348488', '-', 'candidat', NULL, NULL, 'C094', '2005-02-07'),
(144, 'Diop', 'Coumba', 'c095@esp.sn', '700765529', '-', 'candidat', NULL, NULL, 'C095', '2003-07-05'),
(145, 'Ndoye', 'Ousmane', 'c096@esp.sn', '781606354', '-', 'candidat', NULL, NULL, 'C096', '2003-03-09'),
(146, 'Sy', 'Dieynaba', 'c097@esp.sn', '751978494', '-', 'candidat', NULL, NULL, 'C097', '2006-10-05'),
(147, 'Badji', 'Malick', 'c098@esp.sn', '778722666', '-', 'candidat', NULL, NULL, 'C098', '2004-08-16'),
(148, 'Faye', 'Maimouna', 'c099@esp.sn', '752819187', '-', 'candidat', NULL, NULL, 'C099', '2005-01-19'),
(149, 'Goudiaby', 'Alioune', 'c100@esp.sn', '745238883', '-', 'candidat', NULL, NULL, 'C100', '2005-09-28'),
(150, 'Diop', 'Idrissa', 'c101@esp.sn', '786605711', '-', 'candidat', NULL, NULL, 'C101', '2003-05-26'),
(151, 'Diallo', 'Ousmane', 'c102@esp.sn', '702913316', '-', 'candidat', NULL, NULL, 'C102', '2006-03-12'),
(152, 'Faye', 'Aminata', 'c103@esp.sn', '727706467', '-', 'candidat', NULL, NULL, 'C103', '2004-02-20'),
(153, 'Tine', 'Sokhna', 'c104@esp.sn', '757027055', '-', 'candidat', NULL, NULL, 'C104', '2004-11-01'),
(154, 'Sy', 'Mamadou', 'c105@esp.sn', '705269129', '-', 'candidat', NULL, NULL, 'C105', '2006-03-02'),
(155, 'Dieng', 'Moussa', 'c106@esp.sn', '733075424', '-', 'candidat', NULL, NULL, 'C106', '2005-03-10'),
(156, 'Cisse', 'Ibrahima', 'c107@esp.sn', '760804212', '-', 'candidat', NULL, NULL, 'C107', '2005-01-22'),
(157, 'Seck', 'Saliou', 'c108@esp.sn', '738669357', '-', 'candidat', NULL, NULL, 'C108', '2004-09-09'),
(158, 'Diatta', 'Pape', 'c109@esp.sn', '746047884', '-', 'candidat', NULL, NULL, 'C109', '2004-08-27'),
(159, 'Fall', 'Sophie', 'c110@esp.sn', '775617613', '-', 'candidat', NULL, NULL, 'C110', '2006-01-03'),
(160, 'Fall', 'Fallou', 'c111@esp.sn', '716296322', '-', 'candidat', NULL, NULL, 'C111', '2006-07-09'),
(161, 'Bodian', 'Alioune', 'c112@esp.sn', '758795902', '-', 'candidat', NULL, NULL, 'C112', '2006-02-05'),
(162, 'Bodian', 'Sokhna', 'c113@esp.sn', '724410104', '-', 'candidat', NULL, NULL, 'C113', '2006-12-05'),
(163, 'Faye', 'Mariama', 'c114@esp.sn', '760333519', '-', 'candidat', NULL, NULL, 'C114', '2005-06-03'),
(164, 'Camara', 'Sokhna', 'c115@esp.sn', '784949146', '-', 'candidat', NULL, NULL, 'C115', '2003-10-02'),
(165, 'Diop', 'Saliou', 'c116@esp.sn', '751490186', '-', 'candidat', NULL, NULL, 'C116', '2004-09-07'),
(166, 'Diop', 'Khady', 'c117@esp.sn', '763064139', '-', 'candidat', NULL, NULL, 'C117', '2006-08-11'),
(167, 'Badji', 'Aminata', 'c118@esp.sn', '786722455', '-', 'candidat', NULL, NULL, 'C118', '2003-03-13'),
(168, 'Seck', 'Maimouna', 'c119@esp.sn', '732234204', '-', 'candidat', NULL, NULL, 'C119', '2004-01-04'),
(169, 'Sane', 'Nogaye', 'c120@esp.sn', '724075515', '-', 'candidat', NULL, NULL, 'C120', '2004-10-12'),
(170, 'Wade', 'Aissatou', 'c121@esp.sn', '761867970', '-', 'candidat', NULL, NULL, 'C121', '2005-05-24'),
(171, 'Toure', 'Yacine', 'c122@esp.sn', '720483507', '-', 'candidat', NULL, NULL, 'C122', '2005-05-14'),
(172, 'Wade', 'Nogaye', 'c123@esp.sn', '744347061', '-', 'candidat', NULL, NULL, 'C123', '2006-08-16'),
(173, 'Sagna', 'Seydou', 'c124@esp.sn', '707220733', '-', 'candidat', NULL, NULL, 'C124', '2003-08-17'),
(174, 'Camara', 'Saliou', 'c125@esp.sn', '707565780', '-', 'candidat', NULL, NULL, 'C125', '2004-05-28'),
(175, 'Fall', 'Saliou', 'c126@esp.sn', '755212747', '-', 'candidat', NULL, NULL, 'C126', '2004-03-28'),
(176, 'Sane', 'Daouda', 'c127@esp.sn', '751689102', '-', 'candidat', NULL, NULL, 'C127', '2004-10-02'),
(177, 'Gueye', 'Fallou', 'c128@esp.sn', '751270387', '-', 'candidat', NULL, NULL, 'C128', '2004-03-07'),
(178, 'Kane', 'Idrissa', 'c129@esp.sn', '713511488', '-', 'candidat', NULL, NULL, 'C129', '2004-10-23'),
(179, 'Fall', 'Daouda', 'c130@esp.sn', '706609579', '-', 'candidat', NULL, NULL, 'C130', '2004-12-02'),
(180, 'Kane', 'Lamine', 'c131@esp.sn', '724653562', '-', 'candidat', NULL, NULL, 'C131', '2006-01-22'),
(181, 'Mendy', 'Cheikh', 'c132@esp.sn', '764340877', '-', 'candidat', NULL, NULL, 'C132', '2003-10-05'),
(182, 'Cisse', 'Sophie', 'c133@esp.sn', '758130060', '-', 'candidat', NULL, NULL, 'C133', '2005-06-02'),
(183, 'Camara', 'Mamadou', 'c134@esp.sn', '738323068', '-', 'candidat', NULL, NULL, 'C134', '2006-12-07'),
(184, 'Niang', 'Daouda', 'c135@esp.sn', '748280881', '-', 'candidat', NULL, NULL, 'C135', '2004-09-18'),
(185, 'Thiam', 'Malick', 'c136@esp.sn', '719254745', '-', 'candidat', NULL, NULL, 'C136', '2006-02-15'),
(186, 'Sarr', 'Bineta', 'c137@esp.sn', '760080957', '-', 'candidat', NULL, NULL, 'C137', '2004-06-23'),
(187, 'Sane', 'Fallou', 'c138@esp.sn', '718527680', '-', 'candidat', NULL, NULL, 'C138', '2003-09-21'),
(188, 'Niang', 'Ndeye', 'c139@esp.sn', '709625426', '-', 'candidat', NULL, NULL, 'C139', '2005-08-24'),
(189, 'Goudiaby', 'Ndeye', 'c140@esp.sn', '746165884', '-', 'candidat', NULL, NULL, 'C140', '2006-07-24'),
(190, 'Sane', 'Astou', 'c141@esp.sn', '774511208', '-', 'candidat', NULL, NULL, 'C141', '2004-04-06'),
(191, 'Ndoye', 'Rokhaya', 'c142@esp.sn', '787373590', '-', 'candidat', NULL, NULL, 'C142', '2003-12-20'),
(192, 'Camara', 'Yacine', 'c143@esp.sn', '731963392', '-', 'candidat', NULL, NULL, 'C143', '2004-07-21'),
(193, 'Ba', 'Daouda', 'c144@esp.sn', '781114465', '-', 'candidat', NULL, NULL, 'C144', '2004-10-17'),
(194, 'Cisse', 'Adama', 'c145@esp.sn', '704004273', '-', 'candidat', NULL, NULL, 'C145', '2004-07-16'),
(195, 'Seck', 'Abdou', 'c146@esp.sn', '761992935', '-', 'candidat', NULL, NULL, 'C146', '2005-05-06'),
(196, 'Sy', 'Aissatou', 'c147@esp.sn', '724015982', '-', 'candidat', NULL, NULL, 'C147', '2005-07-25'),
(197, 'Diatta', 'Saliou', 'c148@esp.sn', '736955402', '-', 'candidat', NULL, NULL, 'C148', '2006-01-27'),
(198, 'Toure', 'Modou', 'c149@esp.sn', '770188119', '-', 'candidat', NULL, NULL, 'C149', '2006-09-16'),
(199, 'Mbaye', 'Khady', 'c150@esp.sn', '783298023', '-', 'candidat', NULL, NULL, 'C150', '2006-11-07'),
(200, 'Diop', 'Fallou', 'c151@esp.sn', '724004792', '-', 'candidat', NULL, NULL, 'C151', '2004-10-09'),
(201, 'Diop', 'Coumba', 'c152@esp.sn', '741704191', '-', 'candidat', NULL, NULL, 'C152', '2004-03-10'),
(202, 'Ndiaye', 'Coumba', 'c153@esp.sn', '701598904', '-', 'candidat', NULL, NULL, 'C153', '2005-05-27'),
(203, 'Thiam', 'Ousmane', 'c154@esp.sn', '745076484', '-', 'candidat', NULL, NULL, 'C154', '2005-06-04'),
(204, 'Diallo', 'Fatou', 'c155@esp.sn', '778102646', '-', 'candidat', NULL, NULL, 'C155', '2003-09-24'),
(205, 'Sane', 'Mariama', 'c156@esp.sn', '731485989', '-', 'candidat', NULL, NULL, 'C156', '2006-08-08'),
(206, 'Wade', 'Moussa', 'c157@esp.sn', '705584279', '-', 'candidat', NULL, NULL, 'C157', '2005-08-28'),
(207, 'Goudiaby', 'Bineta', 'c158@esp.sn', '736312172', '-', 'candidat', NULL, NULL, 'C158', '2005-05-04'),
(208, 'Thiam', 'Pape', 'c159@esp.sn', '751966503', '-', 'candidat', NULL, NULL, 'C159', '2006-09-21'),
(209, 'Diatta', 'Abdou', 'c160@esp.sn', '741195319', '-', 'candidat', NULL, NULL, 'C160', '2003-03-12'),
(210, 'Niang', 'Yacine', 'c161@esp.sn', '734234406', '-', 'candidat', NULL, NULL, 'C161', '2004-02-21'),
(211, 'Badji', 'Rama', 'c162@esp.sn', '779831043', '-', 'candidat', NULL, NULL, 'C162', '2006-04-07'),
(212, 'Niang', 'Maimouna', 'c163@esp.sn', '725478646', '-', 'candidat', NULL, NULL, 'C163', '2005-08-11'),
(213, 'Fall', 'Daouda', 'c164@esp.sn', '732194307', '-', 'candidat', NULL, NULL, 'C164', '2003-02-11'),
(214, 'Diouf', 'Astou', 'c165@esp.sn', '736413798', '-', 'candidat', NULL, NULL, 'C165', '2003-10-25'),
(215, 'Ba', 'Saliou', 'c166@esp.sn', '768305686', '-', 'candidat', NULL, NULL, 'C166', '2004-08-22'),
(216, 'Dieng', 'Astou', 'c167@esp.sn', '782741131', '-', 'candidat', NULL, NULL, 'C167', '2003-10-22'),
(217, 'Toure', 'Oumar', 'c168@esp.sn', '773902709', '-', 'candidat', NULL, NULL, 'C168', '2004-08-24'),
(218, 'Ba', 'Sophie', 'c169@esp.sn', '787647486', '-', 'candidat', NULL, NULL, 'C169', '2004-07-03'),
(219, 'Badji', 'Cheikh', 'c170@esp.sn', '725722532', '-', 'candidat', NULL, NULL, 'C170', '2003-09-19'),
(220, 'Sow', 'Daouda', 'c171@esp.sn', '753614142', '-', 'candidat', NULL, NULL, 'C171', '2005-08-02'),
(221, 'Gueye', 'Rama', 'c172@esp.sn', '776710772', '-', 'candidat', NULL, NULL, 'C172', '2003-05-11'),
(222, 'Camara', 'Babacar', 'c173@esp.sn', '721017044', '-', 'candidat', NULL, NULL, 'C173', '2005-11-04'),
(223, 'Tine', 'Fallou', 'c174@esp.sn', '757906731', '-', 'candidat', NULL, NULL, 'C174', '2006-12-07'),
(224, 'Sane', 'Pape', 'c175@esp.sn', '714765117', '-', 'candidat', NULL, NULL, 'C175', '2004-12-08'),
(225, 'Bodian', 'Fallou', 'c176@esp.sn', '744362751', '-', 'candidat', NULL, NULL, 'C176', '2004-04-20'),
(226, 'Ndiaye', 'Mamadou', 'c177@esp.sn', '786470213', '-', 'candidat', NULL, NULL, 'C177', '2003-12-19'),
(227, 'Goudiaby', 'Ndeye', 'c178@esp.sn', '720025976', '-', 'candidat', NULL, NULL, 'C178', '2003-10-13'),
(228, 'Thiam', 'Fatou', 'c179@esp.sn', '700865667', '-', 'candidat', NULL, NULL, 'C179', '2004-06-27'),
(229, 'Diouf', 'Penda', 'c180@esp.sn', '785678594', '-', 'candidat', NULL, NULL, 'C180', '2003-01-19'),
(230, 'Camara', 'Fatou', 'c181@esp.sn', '737080913', '-', 'candidat', NULL, NULL, 'C181', '2006-10-01'),
(231, 'Ba', 'Oumar', 'c182@esp.sn', '712380763', '-', 'candidat', NULL, NULL, 'C182', '2006-12-26'),
(232, 'Dieng', 'Oumar', 'c183@esp.sn', '735114763', '-', 'candidat', NULL, NULL, 'C183', '2006-07-06'),
(233, 'Niang', 'Seydou', 'c184@esp.sn', '734817393', '-', 'candidat', NULL, NULL, 'C184', '2004-03-11'),
(234, 'Camara', 'Daouda', 'c185@esp.sn', '751761492', '-', 'candidat', NULL, NULL, 'C185', '2006-09-18'),
(235, 'Diouf', 'Assane', 'c186@esp.sn', '710802678', '-', 'candidat', NULL, NULL, 'C186', '2004-12-17'),
(236, 'Mbaye', 'Assane', 'c187@esp.sn', '775652748', '-', 'candidat', NULL, NULL, 'C187', '2004-04-27'),
(237, 'Ndoye', 'Sophie', 'c188@esp.sn', '770096698', '-', 'candidat', NULL, NULL, 'C188', '2004-04-27'),
(238, 'Kane', 'Astou', 'c189@esp.sn', '727165448', '-', 'candidat', NULL, NULL, 'C189', '2005-03-20'),
(239, 'Mbaye', 'Serigne', 'c190@esp.sn', '750083795', '-', 'candidat', NULL, NULL, 'C190', '2005-04-05'),
(240, 'Sagna', 'Moussa', 'c191@esp.sn', '761941177', '-', 'candidat', NULL, NULL, 'C191', '2003-03-14'),
(241, 'Goudiaby', 'Aminata', 'c192@esp.sn', '712870515', '-', 'candidat', NULL, NULL, 'C192', '2006-10-05'),
(242, 'Tine', 'Saliou', 'c193@esp.sn', '727975478', '-', 'candidat', NULL, NULL, 'C193', '2006-04-20'),
(243, 'Bodian', 'Malick', 'c194@esp.sn', '701563698', '-', 'candidat', NULL, NULL, 'C194', '2003-12-03'),
(244, 'Sarr', 'Saliou', 'c195@esp.sn', '767068754', '-', 'candidat', NULL, NULL, 'C195', '2005-08-11'),
(245, 'Kane', 'Astou', 'c196@esp.sn', '715705886', '-', 'candidat', NULL, NULL, 'C196', '2003-04-28'),
(246, 'Dieng', 'Pape', 'c197@esp.sn', '718644603', '-', 'candidat', NULL, NULL, 'C197', '2003-10-14'),
(247, 'Sarr', 'Mariama', 'c198@esp.sn', '757131019', '-', 'candidat', NULL, NULL, 'C198', '2005-03-15'),
(248, 'Sy', 'Adama', 'c199@esp.sn', '765539370', '-', 'candidat', NULL, NULL, 'C199', '2006-05-14'),
(249, 'Diouf', 'Astou', 'c200@esp.sn', '735943458', '-', 'candidat', NULL, NULL, 'C200', '2005-10-18'),
(250, 'Badji', 'Moussa', 'c201@esp.sn', '784866622', '-', 'candidat', NULL, NULL, 'C201', '2005-08-01'),
(251, 'Faye', 'Pape', 'c202@esp.sn', '728049271', '-', 'candidat', NULL, NULL, 'C202', '2006-08-14'),
(252, 'Gueye', 'Ibrahima', 'c203@esp.sn', '785758575', '-', 'candidat', NULL, NULL, 'C203', '2003-07-15'),
(253, 'Diouf', 'Yacine', 'c204@esp.sn', '727008432', '-', 'candidat', NULL, NULL, 'C204', '2004-03-27'),
(254, 'Camara', 'Babacar', 'c205@esp.sn', '749308192', '-', 'candidat', NULL, NULL, 'C205', '2005-08-07'),
(255, 'Wade', 'Sophie', 'c206@esp.sn', '728175007', '-', 'candidat', NULL, NULL, 'C206', '2005-05-26'),
(256, 'Toure', 'Malick', 'c207@esp.sn', '720937362', '-', 'candidat', NULL, NULL, 'C207', '2003-02-12'),
(257, 'Gueye', 'Nogaye', 'c208@esp.sn', '762613158', '-', 'candidat', NULL, NULL, 'C208', '2005-04-19'),
(258, 'Ba', 'Rama', 'c209@esp.sn', '726648938', '-', 'candidat', NULL, NULL, 'C209', '2003-05-20'),
(259, 'Bodian', 'Idrissa', 'c210@esp.sn', '753131686', '-', 'candidat', NULL, NULL, 'C210', '2003-01-26'),
(260, 'Sy', 'Dieynaba', 'c211@esp.sn', '735163626', '-', 'candidat', NULL, NULL, 'C211', '2003-05-25'),
(261, 'Wade', 'Pape', 'c212@esp.sn', '764821169', '-', 'candidat', NULL, NULL, 'C212', '2006-06-22'),
(262, 'Goudiaby', 'Ousmane', 'c213@esp.sn', '731518853', '-', 'candidat', NULL, NULL, 'C213', '2004-06-15'),
(263, 'Sarr', 'Penda', 'c214@esp.sn', '705319866', '-', 'candidat', NULL, NULL, 'C214', '2006-10-12'),
(264, 'Sane', 'Rama', 'c215@esp.sn', '719000815', '-', 'candidat', NULL, NULL, 'C215', '2006-09-09'),
(265, 'Ba', 'Aissatou', 'c216@esp.sn', '735950952', '-', 'candidat', NULL, NULL, 'C216', '2004-01-19'),
(266, 'Sane', 'Nogaye', 'c217@esp.sn', '787354475', '-', 'candidat', NULL, NULL, 'C217', '2006-10-28'),
(267, 'Fall', 'Sokhna', 'c218@esp.sn', '724270044', '-', 'candidat', NULL, NULL, 'C218', '2005-03-27'),
(268, 'Ndiaye', 'Adama', 'c219@esp.sn', '752530423', '-', 'candidat', NULL, NULL, 'C219', '2004-04-02'),
(269, 'Bodian', 'Ousmane', 'c220@esp.sn', '778856664', '-', 'candidat', NULL, NULL, 'C220', '2004-05-13'),
(270, 'Seck', 'Alioune', 'c221@esp.sn', '735773797', '-', 'candidat', NULL, NULL, 'C221', '2003-04-13'),
(271, 'Gueye', 'Bineta', 'c222@esp.sn', '767678698', '-', 'candidat', NULL, NULL, 'C222', '2006-09-08'),
(272, 'Bodian', 'Awa', 'c223@esp.sn', '776702641', '-', 'candidat', NULL, NULL, 'C223', '2006-12-10'),
(273, 'Badji', 'Cheikh', 'c224@esp.sn', '735957092', '-', 'candidat', NULL, NULL, 'C224', '2006-05-26'),
(274, 'Sy', 'Bineta', 'c225@esp.sn', '747491700', '-', 'candidat', NULL, NULL, 'C225', '2006-05-09'),
(275, 'Sane', 'Coumba', 'c226@esp.sn', '718016409', '-', 'candidat', NULL, NULL, 'C226', '2003-10-15'),
(276, 'Bodian', 'Khady', 'c227@esp.sn', '705311617', '-', 'candidat', NULL, NULL, 'C227', '2006-05-16'),
(277, 'Sane', 'Coumba', 'c228@esp.sn', '766748191', '-', 'candidat', NULL, NULL, 'C228', '2005-06-12'),
(278, 'Gueye', 'Sokhna', 'c229@esp.sn', '777136031', '-', 'candidat', NULL, NULL, 'C229', '2005-03-28'),
(279, 'Seck', 'Dieynaba', 'c230@esp.sn', '778158457', '-', 'candidat', NULL, NULL, 'C230', '2003-08-04'),
(280, 'Diouf', 'Khady', 'c231@esp.sn', '705009781', '-', 'candidat', NULL, NULL, 'C231', '2003-06-27'),
(281, 'Sarr', 'Nogaye', 'c232@esp.sn', '783708020', '-', 'candidat', NULL, NULL, 'C232', '2006-09-20'),
(282, 'Fall', 'Lamine', 'c233@esp.sn', '730949323', '-', 'candidat', NULL, NULL, 'C233', '2003-03-07'),
(283, 'Fall', 'Abdou', 'c234@esp.sn', '780323040', '-', 'candidat', NULL, NULL, 'C234', '2004-01-06'),
(284, 'Gueye', 'Maimouna', 'c235@esp.sn', '714762444', '-', 'candidat', NULL, NULL, 'C235', '2006-07-11'),
(285, 'Bodian', 'Ndeye', 'c236@esp.sn', '765271133', '-', 'candidat', NULL, NULL, 'C236', '2006-09-04'),
(286, 'Ndoye', 'Awa', 'c237@esp.sn', '782791503', '-', 'candidat', NULL, NULL, 'C237', '2005-03-16'),
(287, 'Seck', 'Malick', 'c238@esp.sn', '764950177', '-', 'candidat', NULL, NULL, 'C238', '2003-02-23'),
(288, 'Diallo', 'Rama', 'c239@esp.sn', '709354644', '-', 'candidat', NULL, NULL, 'C239', '2006-04-24'),
(289, 'Ndoye', 'Fallou', 'c240@esp.sn', '745722496', '-', 'candidat', NULL, NULL, 'C240', '2006-12-24'),
(290, 'Sarr', 'Maimouna', 'c241@esp.sn', '703871937', '-', 'candidat', NULL, NULL, 'C241', '2006-03-15'),
(291, 'Mendy', 'Aissatou', 'c242@esp.sn', '730791551', '-', 'candidat', NULL, NULL, 'C242', '2003-08-17'),
(292, 'Mbaye', 'Aissatou', 'c243@esp.sn', '767790009', '-', 'candidat', NULL, NULL, 'C243', '2006-11-08'),
(293, 'Faye', 'Sophie', 'c244@esp.sn', '745826068', '-', 'candidat', NULL, NULL, 'C244', '2004-09-27'),
(294, 'Seck', 'Alioune', 'c245@esp.sn', '721787552', '-', 'candidat', NULL, NULL, 'C245', '2005-07-19'),
(295, 'Mendy', 'Mamadou', 'c246@esp.sn', '764757143', '-', 'candidat', NULL, NULL, 'C246', '2003-12-03'),
(296, 'Faye', 'Aissatou', 'c247@esp.sn', '781988991', '-', 'candidat', NULL, NULL, 'C247', '2006-09-05'),
(297, 'Sane', 'Oumar', 'c248@esp.sn', '774570166', '-', 'candidat', NULL, NULL, 'C248', '2004-02-08'),
(298, 'Tine', 'Penda', 'c249@esp.sn', '714955195', '-', 'candidat', NULL, NULL, 'C249', '2004-01-13'),
(299, 'Fall', 'Alioune', 'c250@esp.sn', '727026353', '-', 'candidat', NULL, NULL, 'C250', '2003-09-26');

INSERT INTO concours (id, type, annee, departement) VALUES
(1, 'DUT', 2026, 'Génie Informatique'),
(2, 'DUT', 2026, 'Génie Civil'),
(3, 'DIC', 2026, 'Génie Électrique'),
(4, 'LICENCE', 2026, 'Gestion'),
(8, 'DIC', 2026, 'Génie informatique');

INSERT INTO filieres (id, nom, departement, capacite_accueil, concours_id) VALUES
(1, 'Génie Informatique', 'Informatique', 30, 1),
(2, 'Réseaux et Télécoms', 'Informatique', 25, 1),
(3, 'Génie Civil', 'Civil', 20, 2),
(4, 'Génie Électrique', 'Électrique', 25, 3),
(5, 'Gestion des Entreprises', 'Gestion', 35, 4),
(9, 'GLSI', 'Génie informatique', 25, 8);

INSERT INTO listes (id, type, nombre_etudiants, filiere_id) VALUES
(1, 'principale', 30, 1),
(2, 'attente', 15, 1),
(3, 'principale', 25, 2),
(4, 'attente', 15, 2),
(5, 'principale', 20, 3),
(6, 'attente', 15, 3),
(7, 'principale', 25, 4),
(8, 'attente', 15, 4),
(9, 'principale', 35, 5),
(10, 'attente', 15, 5),
(17, 'principale', 25, 9),
(18, 'attente', 15, 9);

INSERT INTO inscriptions (id, rang, date_inscription, candidat_id, liste_id) VALUES
(25, 1, '2026-06-01', 50, 1),
(26, 2, '2026-06-01', 51, 1),
(27, 3, '2026-06-01', 52, 1),
(28, 4, '2026-06-01', 53, 1),
(29, 5, '2026-06-01', 54, 1),
(30, 6, '2026-06-01', 55, 1),
(31, 7, '2026-06-01', 56, 1),
(32, 8, '2026-06-01', 57, 1),
(33, 9, '2026-06-01', 58, 1),
(34, 10, '2026-06-01', 59, 1),
(35, 11, '2026-06-01', 60, 1),
(36, 12, '2026-06-01', 61, 1),
(37, 13, '2026-06-01', 62, 1),
(38, 14, '2026-06-01', 63, 1),
(39, 15, '2026-06-01', 64, 1),
(40, 16, '2026-06-01', 65, 1),
(41, 17, '2026-06-01', 66, 1),
(42, 18, '2026-06-01', 67, 1),
(43, 19, '2026-06-01', 68, 1),
(44, 20, '2026-06-01', 69, 1),
(45, 21, '2026-06-01', 70, 1),
(46, 22, '2026-06-01', 71, 1),
(47, 23, '2026-06-01', 72, 1),
(48, 24, '2026-06-01', 73, 1),
(49, 25, '2026-06-01', 74, 1),
(50, 26, '2026-06-01', 75, 1),
(51, 27, '2026-06-01', 76, 1),
(52, 28, '2026-06-01', 77, 1),
(53, 29, '2026-06-01', 78, 1),
(54, 30, '2026-06-01', 79, 1),
(55, 1, '2026-06-01', 80, 2),
(56, 2, '2026-06-01', 81, 2),
(57, 3, '2026-06-01', 82, 2),
(58, 4, '2026-06-01', 83, 2),
(59, 5, '2026-06-01', 84, 2),
(60, 6, '2026-06-01', 85, 2),
(61, 7, '2026-06-01', 86, 2),
(62, 8, '2026-06-01', 87, 2),
(63, 9, '2026-06-01', 88, 2),
(64, 10, '2026-06-01', 89, 2),
(65, 11, '2026-06-01', 90, 2),
(66, 12, '2026-06-01', 91, 2),
(67, 13, '2026-06-01', 92, 2),
(68, 14, '2026-06-01', 93, 2),
(69, 15, '2026-06-01', 94, 2),
(70, 1, '2026-06-01', 95, 3),
(71, 2, '2026-06-01', 96, 3),
(72, 3, '2026-06-01', 97, 3),
(73, 4, '2026-06-01', 98, 3),
(74, 5, '2026-06-01', 99, 3),
(75, 6, '2026-06-01', 100, 3),
(76, 7, '2026-06-01', 101, 3),
(77, 8, '2026-06-01', 102, 3),
(78, 9, '2026-06-01', 103, 3),
(79, 10, '2026-06-01', 104, 3),
(80, 11, '2026-06-01', 105, 3),
(81, 12, '2026-06-01', 106, 3),
(82, 13, '2026-06-01', 107, 3),
(83, 14, '2026-06-01', 108, 3),
(84, 15, '2026-06-01', 109, 3),
(85, 16, '2026-06-01', 110, 3),
(86, 17, '2026-06-01', 111, 3),
(87, 18, '2026-06-01', 112, 3),
(88, 19, '2026-06-01', 113, 3),
(89, 20, '2026-06-01', 114, 3),
(90, 21, '2026-06-01', 115, 3),
(91, 22, '2026-06-01', 116, 3),
(92, 23, '2026-06-01', 117, 3),
(93, 24, '2026-06-01', 118, 3),
(94, 25, '2026-06-01', 119, 3),
(95, 1, '2026-06-01', 120, 4),
(96, 2, '2026-06-01', 121, 4),
(97, 3, '2026-06-01', 122, 4),
(98, 4, '2026-06-01', 123, 4),
(99, 5, '2026-06-01', 124, 4),
(100, 6, '2026-06-01', 125, 4),
(101, 7, '2026-06-01', 126, 4),
(102, 8, '2026-06-01', 127, 4),
(103, 9, '2026-06-01', 128, 4),
(104, 10, '2026-06-01', 129, 4),
(105, 11, '2026-06-01', 130, 4),
(106, 12, '2026-06-01', 131, 4),
(107, 13, '2026-06-01', 132, 4),
(108, 14, '2026-06-01', 133, 4),
(109, 15, '2026-06-01', 134, 4),
(110, 1, '2026-06-01', 135, 5),
(111, 2, '2026-06-01', 136, 5),
(112, 3, '2026-06-01', 137, 5),
(113, 4, '2026-06-01', 138, 5),
(114, 5, '2026-06-01', 139, 5),
(115, 6, '2026-06-01', 140, 5),
(116, 7, '2026-06-01', 141, 5),
(117, 8, '2026-06-01', 142, 5),
(118, 9, '2026-06-01', 143, 5),
(119, 10, '2026-06-01', 144, 5),
(120, 11, '2026-06-01', 145, 5),
(121, 12, '2026-06-01', 146, 5),
(122, 13, '2026-06-01', 147, 5),
(123, 14, '2026-06-01', 148, 5),
(124, 15, '2026-06-01', 149, 5),
(125, 16, '2026-06-01', 150, 5),
(126, 17, '2026-06-01', 151, 5),
(127, 18, '2026-06-01', 152, 5),
(128, 19, '2026-06-01', 153, 5),
(129, 20, '2026-06-01', 154, 5),
(130, 1, '2026-06-01', 155, 6),
(131, 2, '2026-06-01', 156, 6),
(132, 3, '2026-06-01', 157, 6),
(133, 4, '2026-06-01', 158, 6),
(134, 5, '2026-06-01', 159, 6),
(135, 6, '2026-06-01', 160, 6),
(136, 7, '2026-06-01', 161, 6),
(137, 8, '2026-06-01', 162, 6),
(138, 9, '2026-06-01', 163, 6),
(139, 10, '2026-06-01', 164, 6),
(140, 11, '2026-06-01', 165, 6),
(141, 12, '2026-06-01', 166, 6),
(142, 13, '2026-06-01', 167, 6),
(143, 14, '2026-06-01', 168, 6),
(144, 15, '2026-06-01', 169, 6),
(145, 1, '2026-06-01', 170, 7),
(146, 2, '2026-06-01', 171, 7),
(147, 3, '2026-06-01', 172, 7),
(148, 4, '2026-06-01', 173, 7),
(149, 5, '2026-06-01', 174, 7),
(150, 6, '2026-06-01', 175, 7),
(151, 7, '2026-06-01', 176, 7),
(152, 8, '2026-06-01', 177, 7),
(153, 9, '2026-06-01', 178, 7),
(154, 10, '2026-06-01', 179, 7),
(155, 11, '2026-06-01', 180, 7),
(156, 12, '2026-06-01', 181, 7),
(157, 13, '2026-06-01', 182, 7),
(158, 14, '2026-06-01', 183, 7),
(159, 15, '2026-06-01', 184, 7),
(160, 16, '2026-06-01', 185, 7),
(161, 17, '2026-06-01', 186, 7),
(162, 18, '2026-06-01', 187, 7),
(163, 19, '2026-06-01', 188, 7),
(164, 20, '2026-06-01', 189, 7),
(165, 21, '2026-06-01', 190, 7),
(166, 22, '2026-06-01', 191, 7),
(167, 23, '2026-06-01', 192, 7),
(168, 24, '2026-06-01', 193, 7),
(169, 25, '2026-06-01', 194, 7),
(170, 1, '2026-06-01', 195, 8),
(171, 2, '2026-06-01', 196, 8),
(172, 3, '2026-06-01', 197, 8),
(173, 4, '2026-06-01', 198, 8),
(174, 5, '2026-06-01', 199, 8),
(175, 6, '2026-06-01', 200, 8),
(176, 7, '2026-06-01', 201, 8),
(177, 8, '2026-06-01', 202, 8),
(178, 9, '2026-06-01', 203, 8),
(179, 10, '2026-06-01', 204, 8),
(180, 11, '2026-06-01', 205, 8),
(181, 12, '2026-06-01', 206, 8),
(182, 13, '2026-06-01', 207, 8),
(183, 14, '2026-06-01', 208, 8),
(184, 15, '2026-06-01', 209, 8),
(185, 1, '2026-06-01', 210, 9),
(186, 2, '2026-06-01', 211, 9),
(187, 3, '2026-06-01', 212, 9),
(188, 4, '2026-06-01', 213, 9),
(189, 5, '2026-06-01', 214, 9),
(190, 6, '2026-06-01', 215, 9),
(191, 7, '2026-06-01', 216, 9),
(192, 8, '2026-06-01', 217, 9),
(193, 9, '2026-06-01', 218, 9),
(194, 10, '2026-06-01', 219, 9),
(195, 11, '2026-06-01', 220, 9),
(196, 12, '2026-06-01', 221, 9),
(197, 13, '2026-06-01', 222, 9),
(198, 14, '2026-06-01', 223, 9),
(199, 15, '2026-06-01', 224, 9),
(200, 16, '2026-06-01', 225, 9),
(201, 17, '2026-06-01', 226, 9),
(202, 18, '2026-06-01', 227, 9),
(203, 19, '2026-06-01', 228, 9),
(204, 20, '2026-06-01', 229, 9),
(205, 21, '2026-06-01', 230, 9),
(206, 22, '2026-06-01', 231, 9),
(207, 23, '2026-06-01', 232, 9),
(208, 24, '2026-06-01', 233, 9),
(209, 25, '2026-06-01', 234, 9),
(210, 26, '2026-06-01', 235, 9),
(211, 27, '2026-06-01', 236, 9),
(212, 28, '2026-06-01', 237, 9),
(213, 29, '2026-06-01', 238, 9),
(214, 30, '2026-06-01', 239, 9),
(215, 31, '2026-06-01', 240, 9),
(216, 32, '2026-06-01', 241, 9),
(217, 33, '2026-06-01', 242, 9),
(218, 34, '2026-06-01', 243, 9),
(219, 35, '2026-06-01', 244, 9),
(220, 1, '2026-06-01', 245, 10),
(221, 2, '2026-06-01', 246, 10),
(222, 3, '2026-06-01', 247, 10),
(223, 4, '2026-06-01', 248, 10),
(224, 5, '2026-06-01', 249, 10),
(225, 6, '2026-06-01', 250, 10),
(226, 7, '2026-06-01', 251, 10),
(227, 8, '2026-06-01', 252, 10),
(228, 9, '2026-06-01', 253, 10),
(229, 10, '2026-06-01', 254, 10),
(230, 11, '2026-06-01', 255, 10),
(231, 12, '2026-06-01', 256, 10),
(232, 13, '2026-06-01', 257, 10),
(233, 14, '2026-06-01', 258, 10),
(234, 15, '2026-06-01', 259, 10),
(235, 1, '2026-06-01', 260, 17),
(236, 2, '2026-06-01', 261, 17),
(237, 3, '2026-06-01', 262, 17),
(238, 4, '2026-06-01', 263, 17),
(239, 5, '2026-06-01', 264, 17),
(240, 6, '2026-06-01', 265, 17),
(241, 7, '2026-06-01', 266, 17),
(242, 8, '2026-06-01', 267, 17),
(243, 9, '2026-06-01', 268, 17),
(244, 10, '2026-06-01', 269, 17),
(245, 11, '2026-06-01', 270, 17),
(246, 12, '2026-06-01', 271, 17),
(247, 13, '2026-06-01', 272, 17),
(248, 14, '2026-06-01', 273, 17),
(249, 15, '2026-06-01', 274, 17),
(250, 16, '2026-06-01', 275, 17),
(251, 17, '2026-06-01', 276, 17),
(252, 18, '2026-06-01', 277, 17),
(253, 19, '2026-06-01', 278, 17),
(254, 20, '2026-06-01', 279, 17),
(255, 21, '2026-06-01', 280, 17),
(256, 22, '2026-06-01', 281, 17),
(257, 23, '2026-06-01', 282, 17),
(258, 24, '2026-06-01', 283, 17),
(259, 25, '2026-06-01', 284, 17),
(260, 1, '2026-06-01', 285, 18),
(261, 2, '2026-06-01', 286, 18),
(262, 3, '2026-06-01', 287, 18),
(263, 4, '2026-06-01', 288, 18),
(264, 5, '2026-06-01', 289, 18),
(265, 6, '2026-06-01', 290, 18),
(266, 7, '2026-06-01', 291, 18),
(267, 8, '2026-06-01', 292, 18),
(268, 9, '2026-06-01', 293, 18),
(269, 10, '2026-06-01', 294, 18),
(270, 11, '2026-06-01', 295, 18),
(271, 12, '2026-06-01', 296, 18),
(272, 13, '2026-06-01', 297, 18),
(273, 14, '2026-06-01', 298, 18),
(274, 15, '2026-06-01', 299, 18);

-- Les tables desistements, notifications, codes_verification, historiques
-- et demandes_desistement sont volontairement vides (état de départ propre).
